a 	— 
A 	— 
 	&aenl; 
ᴀ 	&ascap; 
ª 	&ordf; 
ą 	&aogon; 
Ą 	&Aogon; 
 	&acurl; 
 	&Acurl; 
ạ 	&adotbl; 
Ạ 	&Adotbl; 
ȧ 	&adot; 
Ȧ 	&Adot; 
ä 	&auml; 
Ä 	&Auml; 
 	&adiaguml; 
 	&adotbluml; 
á 	&aacute; 
Á 	&Aacute; 
 	&aenlacute; 
 	&aogonacute; 
 	&Aogonacute; 
 	&adblac; 
 	&Adblac; 
 	&adotacute; 
 	&Adotacute; 
à 	&agrave; 
À 	&Agrave; 
â 	&acirc; 
Â 	&Acirc; 
 	&aumlcirc; 
 	&aringcirc; 
ã 	&atilde; 
Ã 	&Atilde; 
å 	&aring; 
Å 	&Aring; 
ả 	&ahook; 
Ả 	&Ahook; 
ă 	&abreve; 
Ă 	&Abreve; 
ā 	&amacr; 
Ā 	&Amacr; 
 	&amacrbreve; 
 	&Amacrbreve; 
ắ 	&abreveacute; 
Ắ 	&Abreveacute; 
 	&amacracute; 
 	&Amacracute; 
ꜳ 	&aalig; 
 	&aacloselig; 
Ꜳ 	&AAlig; 
 	&aaligenl; 
 	&aaligdotbl; 
 	&AAligdotbl; 
 	&aaligdot; 
 	&AAligdot; 
 	&aaliguml; 
 	&AAliguml; 
 	&aaligacute; 
 	&AAligacute; 
 	&aaligdblac; 
 	&AAligdblac; 
æ 	&aelig; 
Æ 	&AElig; 
 	&aeligenl; 
ᴁ 	&aeligscap; 
 	&aeligred; 
 	&aeligcurl; 
 	&AEligcurl; 
 	&aeligogon; 
 	&AEligogon; 
 	&aeligdotbl; 
 	&AEligdotbl; 
 	&aeligdot; 
 	&AEligdot; 
 	&aeliguml; 
 	&AEliguml; 
ǽ 	&aeligacute; 
Ǽ 	&AEligacute; 
 	&aeligogonacute; 
 	&aeligdblac; 
 	&AEligdblac; 
 	&aeligring; 
 	&aeligbreve; 
 	&AEligbreve; 
ǣ 	&aeligmacr; 
Ǣ 	&AEligmacr; 
 	&aeligmacrbreve; 
 	&AEligmacrbreve; 
 	&aeligmacracute; 
 	&AEligmacracute; 
 	&aflig; 
 	&afinslig; 
 	&aglig; 
 	&allig; 
 	&anlig; 
 	&anscaplig; 
ꜵ 	&aolig; 
Ꜵ 	&AOlig; 
 	&aoligenl; 
 	&aenlosmalllig; 
 	&aoligred; 
 	&AOligred; 
 	&aoligdotbl; 
 	&AOligdotbl; 
 	&aoligacute; 
 	&AOligacute; 
 	&aoligdblac; 
 	&AOligdblac; 
 	&aplig; 
 	&arlig; 
 	&arscaplig; 
ꜷ 	&aulig; 
Ꜷ 	&AUlig; 
 	&auligdotbl; 
 	&AUligdotbl; 
 	&auligacute; 
 	&AUligacute; 
ꜹ 	&avlig; 
Ꜹ 	&AVlig; 
ꜻ 	&avligslash; 
Ꜻ 	&AVligslash; 
 	&avligslashacute; 
 	&AVligslashacute; 
 	&avligogon; 
 	&AVligogon; 
 	&avligdotbl; 
 	&AVligdotbl; 
 	&avligacute; 
 	&AVligacute; 
 	&avligdblac; 
 	&AVligdblac; 
ꜽ 	&aylig; 
Ꜽ 	&AYlig; 
 	&ayligdotbl; 
 	&AYligdotbl; 
 	&ayligdot; 
 	&AYligdot; 
 	&athornlig; 
 	&aesup; 
 	&Aesup; 
 	&iesup; 
 	&aosup; 
 	&ausup; 
 	&avsup; 
 	&aunc; 
 	&aopen; 
 	&ains; 
 	&Ains; 
 	&aneckless; 
 	&anecklesselig; 
 	&AnecklessElig; 
 	&anecklessvlig; 
 	&aclose; 
 	&Asqu; 
b	—
B	—
	&benl;
ʙ	&bscap;
	&bscapdot;
	&bscapdotbl;
ḅ	&bdotbl;
Ḅ	&Bdotbl;
ḃ	&bdot;
Ḃ	&Bdot;
	&bacute;
	&Bacute;
ƀ	&bstrok;
	&bovlmed;
	&bblig;
	&bglig;
c	—
C	—
	&cenl;
ᴄ	&cscap;
ç	&ccedil;
Ç	&Ccedil;
	&cogon;
	&Cogon;
	&cdotbl;
	&Cdotbl;
ċ	&cdot;
Ċ	&Cdot;
ć	&cacute;
Ć	&Cacute;
	&Covlhigh;
	&cklig;
	&ctlig;
	&Csqu;
	&ccurl;
Ↄ	&CONbase;
ↄ	&conbase;
d 	— 
D 	— 
 	&denl; 
ᴅ 	&dscap; 
đ 	&dstrok; 
Đ 	&Dstrok; 
 	&dovlmed; 
ꝱ 	&dtailstrok; 
ɖ 	&dtail; 
 	&dscapdot; 
ḍ 	&ddotbl; 
Ḍ 	&Ddotbl; 
 	&dscapdotbl; 
ḋ 	&ddot; 
Ḋ 	&Ddot; 
 	&dacute; 
 	&Dacute; 
ð 	&eth; 
Ð 	&ETH; 
 	&ethenl; 
ᴆ 	&ethscap; 
 	&ethdotbl; 
 	&ETHdotbl; 
 	&Dovlhigh; 
 	&drotdrotlig; 
Ꝺ 	&Drot; 
ꝺ 	&drot; 
 	&drotdot; 
 	&drotacute; 
 	&drotenl; 
ẟ 	&dscript; 
 	&dcurl; 
e 	— 
E 	— 
 	&eenl; 
ᴇ 	&escap; 
ę 	&eogon; 
Ę 	&Eogon; 
 	&ecurl; 
 	&Ecurl; 
 	&eogoncurl; 
 	&Eogoncurl; 
ẹ 	&edotbl; 
Ẹ 	&Edotbl; 
 	&eogondot; 
 	&Eogondot; 
 	&eogondotbl; 
 	&Eogondotbl; 
 	&eogonenl; 
ė 	&edot; 
Ė 	&Edot; 
ë 	&euml; 
Ë 	&Euml; 
 	&eumlmacr; 
é 	&eacute; 
É 	&Eacute; 
 	&eogonacute; 
 	&Eogonacute; 
 	&edotblacute; 
 	&edblac; 
 	&Edblac; 
 	&edotacute; 
 	&Edotacute; 
 	&eogondotacute; 
 	&Eogondotacute; 
 	&eogondblac; 
 	&Eogondblac; 
è 	&egrave; 
È 	&Egrave; 
ê 	&ecirc; 
Ê 	&Ecirc; 
 	&eogoncirc; 
 	&ering; 
ĕ 	&ebreve; 
Ĕ 	&Ebreve; 
ē 	&emacr; 
Ē 	&Emacr; 
 	&eogonmacr; 
 	&Eogonmacr; 
 	&emacrbreve; 
 	&Emacrbreve; 
ḗ 	&emacracute; 
Ḗ 	&Emacracute; 
 	&eylig; 
 	&eacombcirc; 
 	&eucombcirc; 
 	&easup; 
 	&Easup; 
 	&eesup; 
 	&eisup; 
 	&eosup; 
 	&evsup; 
ə 	&schwa; 
 	&Eunc; 
 	&Euncclose; 
 	&eunc; 
 	&eext; 
 	&etall; 
f 	— 
F 	— 
 	&fenl; 
ꜰ 	&fscap; 
 	&fdotbl; 
 	&Fdotbl; 
ḟ 	&fdot; 
Ḟ 	&Fdot; 
 	&fscapdot; 
 	&facute; 
 	&Facute; 
 	&faumllig; 
ff 	&fflig; 
fi 	&filig; 
 	&fjlig; 
 	&foumllig; 
fl 	&fllig; 
 	&frlig; 
 	&ftlig; 
 	&fuumllig; 
 	&fylig; 
ffi 	&ffilig; 
ffl 	&ffllig; 
 	&fftlig; 
 	&ffylig; 
 	&ftylig; 
ⅎ 	&fturn; 
Ⅎ 	&Fturn; 
ꟻ 	&Frev; 
ꝼ 	&fins; 
Ꝼ 	&Fins; 
 	&finsenl; 
 	&finsdot; 
 	&Finsdot; 
 	&finsdothook; 
 	&finssemiclose; 
 	&finssemiclosedot; 
 	&finsclose; 
 	&finsclosedot; 
 	&finsdotbl; 
 	&Finsdotbl; 
 	&finsacute; 
 	&Finsacute; 
 	&fcurl; 
g 	— 
G 	— 
 	&genl; 
ɢ 	&gscap; 
ǥ 	&gstrok; 
Ǥ 	&Gstrok; 
 	&gdotbl; 
 	&Gdotbl; 
 	&gscapdotbl; 
ġ 	&gdot; 
Ġ 	&Gdot; 
 	&gscapdot; 
Ǵ 	&Gacute; 
ǵ 	&gacute; 
 	&gglig; 
 	&gdlig; 
 	&gdrotlig; 
 	&gethlig; 
 	&golig; 
 	&gplig; 
 	&grlig; 
ᵹ 	&gins; 
Ᵹ 	&Gins; 
ꝿ 	&ginsturn; 
Ꝿ 	&Ginsturn; 
 	&Gsqu; 
 	&gdivloop; 
 	&glglowloop; 
 	&gsmlowloop; 
ɡ 	&gopen; 
 	&gcurl; 
h 	— 
H 	— 
 	&henl; 
ʜ 	&hscap; 
ɦ 	&hhook; 
ħ 	&hstrok; 
 	&hovlmed; 
ḥ 	&hdotbl; 
Ḥ 	&Hdotbl; 
ḣ 	&Hdot; 
Ḣ 	&hdot; 
 	&hscapdot; 
 	&hacute; 
 	&Hacute; 
ƕ 	&hwair; 
Ƕ 	&HWAIR; 
 	&hslonglig; 
 	&hslongligbar; 
 	&hrarmlig; 
 	&Hrarmlig; 
ⱶ 	&hhalf; 
Ⱶ 	&Hhalf; 
 	&Hunc; 
 	&hrdes; 
i 	— 
I 	— 
 	&ienl; 
ɪ 	&iscap; 
ı 	&inodot; 
 	&inodotenl; 
İ 	&Idot; 
ɨ 	&istrok; 
į 	&iogon; 
Į 	&Iogon; 
 	&icurl; 
 	&Icurl; 
ị 	&idotbl; 
Ị 	&Idotbl; 
 	&ibrevinvbl; 
ï 	&iuml; 
Ï 	&Iuml; 
í 	&iacute; 
Í 	&Iacute; 
 	&idblac; 
 	&Idblac; 
 	&idotacute; 
 	&Idotacute; 
ì 	&igrave; 
Ì 	&Igrave; 
î 	&icirc; 
Î 	&Icirc; 
ỉ 	&ihook; 
Ỉ 	&Ihook; 
ĭ 	&ibreve; 
Ĭ 	&Ibreve; 
ī 	&imacr; 
Ī 	&Imacr; 
 	&iovlmed; 
 	&Iovlhigh; 
 	&imacrbreve; 
 	&Imacrbreve; 
 	&imacracute; 
 	&Imacracute; 
ĳ 	&ijlig; 
Ĳ 	&IJlig; 
 	&iasup; 
 	&iesup; 
 	&iosup; 
 	&iusup; 
 	&ivsup; 
 	&ilong; 
ꟾ 	&Ilong; 
j 	— 
J 	— 
 	&jenl; 
ᴊ 	&jscap; 
ȷ 	&jnodot; 
 	&jnodotenl; 
 	&Jdot; 
ɟ 	&jnodotstrok; 
ɉ 	&jbar; 
Ɉ 	&Jbar; 
 	&jcurl; 
 	&Jcurl; 
 	&juml; 
 	&Juml; 
 	&jdotbl; 
 	&Jdotbl; 
 	&jacute; 
 	&Jacute; 
 	&jdblac; 
 	&Jdblac; 
 	&jmacrmed; 
 	&jovlmed; 
 	&Jmacrhigh; 
 	&Jovlhigh; 
 	&jesup; 
k 	— 
K 	— 
 	&kenl; 
ᴋ 	&kscap; 
ƙ 	&khook; 
ꝁ 	&kbar; 
Ꝁ 	&Kbar; 
 	&kovlmed; 
ꝃ 	&kstrleg; 
Ꝃ 	&Kstrleg; 
ꝅ 	&kstrascleg; 
Ꝅ 	&Kstrascleg; 
 	&kdot; 
 	&Kdot; 
 	&kscapdot; 
ḳ 	&kdotbl; 
Ḳ 	&Kdotbl; 
ḱ 	&kacute; 
Ḱ 	&Kacute; 
 	&kslonglig; 
 	&kslongligbar; 
 	&krarmlig; 
 	&kunc; 
 	&ksemiclose; 
 	&kclose; 
 	&kcurl; 
l 	— 
L 	— 
 	&lenl; 
ʟ 	&lscap; 
ƚ 	&lbar; 
ł 	&lstrok; 
Ł 	&Lstrok; 
ꝉ 	&lhighstrok; 
Ꝉ 	&Lhighstrok; 
 	&lovlmed; 
ꝲ 	&ltailstrok; 
ḷ 	&ldotbl; 
Ḷ 	&Ldotbl; 
 	&lscapdotbl; 
 	&ldot; 
 	&Ldot; 
 	&lscapdot; 
ĺ 	&lacute; 
Ĺ 	&Lacute; 
 	&lringbl; 
 	&lmacrhigh; 
 	&lovlhigh; 
 	&Lovlhigh; 
ꝇ 	&lbrk; 
Ꝇ 	&Lbrk; 
ỻ 	&llwelsh; 
Ỻ 	&LLwelsh; 
 	&lllig; 
 	&ldes; 
ꞁ 	&lturn; 
Ꞁ 	&Lturn; 
m 	— 
M 	— 
 	&menl; 
ᴍ 	&mscap; 
ꝳ 	&mtailstrok; 
ṃ 	&mdotbl; 
Ṃ 	&Mdotbl; 
 	&mscapdotbl; 
ṁ 	&mdot; 
Ṁ 	&Mdot; 
 	&mscapdot; 
ḿ 	&macute; 
Ḿ 	&Macute; 
 	&mringbl; 
 	&mmacrmed; 
 	&Mmacrhigh; 
 	&movlmed; 
 	&Movlhigh; 
 	&mesup; 
ꟽ 	&Minv; 
 	&mrdes; 
o 	&munc; 
 	&Munc; 
P 	&muncdes; 
 	&Muncdes; 
p 	&muncacute; 
 	&Muncacute; 
ꟿ 	&M5leg; 
n 	— 
N 	— 
 	&nenl; 
ɴ 	&nscap; 
 	&nscapldes; 
ƞ 	&nlrleg; 
ɲ 	&nlfhook; 
 	&nbar; 
ꝴ 	&ntailstrok; 
ṅ 	&ndot; 
Ṅ 	&Ndot; 
 	&nscapdot; 
ń 	&nacute; 
Ń 	&Nacute; 
ṇ 	&ndotbl; 
Ṇ 	&Ndotbl; 
 	&nscapdotbl; 
 	&ncirc; 
ñ 	&ntilde; 
Ñ 	&Ntilde; 
 	&nringbl; 
 	&nmacrmed; 
 	&Nmacrhigh; 
ŋ 	&eng; 
Ŋ 	&ENG; 
 	&nscapslonglig; 
 	&nrdes; 
 	&Nrdes; 
 	&nscaprdes; 
 	&nflour; 
o 	— 
O 	— 
 	&oenl; 
ᴏ 	&oscap; 
º 	&ordm; 
ǫ 	&oogon; 
Ǫ 	&Oogon; 
 	&ocurl; 
 	&Ocurl; 
 	&oogoncurl; 
 	&Oogoncurl; 
 	&ocurlacute; 
 	&Ocurlacute; 
ø 	&oslash; 
Ø 	&Oslash; 
 	&oslashcurl; 
 	&Oslashcurl; 
 	&oslashogon; 
 	&Oslashogon; 
ọ 	&odotbl; 
Ọ 	&Odotbl; 
 	&oslashdotbl; 
 	&Oslashdotbl; 
ȯ 	&odot; 
Ȯ 	&Odot; 
 	&oogondot; 
 	&Oogondot; 
ǭ 	&oogonmacr; 
Ǭ 	&Oogonmacr; 
 	&oslashdot; 
 	&Oslashdot; 
 	&oogondotbl; 
 	&Oogondotbl; 
ö 	&ouml; 
Ö 	&Ouml; 
 	&odiaguml; 
 	&oumlacute; 
ó 	&oacute; 
Ó 	&Oacute; 
ǿ 	&oslashacute; 
Ǿ 	&Oslashacute; 
 	&oslashdblac; 
 	&Oslashdblac; 
 	&oogonacute; 
 	&Oogonacute; 
 	&oslashogonacute; 
 	&Oslashogonacute; 
ő 	&odblac; 
Ő 	&Odblac; 
 	&odotacute; 
 	&Odotacute; 
 	&oogondotacute; 
 	&Oogondotacute; 
 	&oslashdotacute; 
 	&Oslashdotacute; 
 	&oogondblac; 
 	&Oogondblac; 
ò 	&ograve; 
Ò 	&Ograve; 
ô 	&ocirc; 
Ô 	&Ocirc; 
 	&oumlcirc; 
 	&Oumlcirc; 
 	&oogoncirc; 
ǒ 	&ocar; 
Ǒ 	&Ocar; 
õ 	&otilde; 
Õ 	&Otilde; 
 	&oring; 
ỏ 	&ohook; 
Ỏ 	&Ohook; 
ŏ 	&obreve; 
Ŏ 	&Obreve; 
 	&oslashbreve; 
 	&Oslashbreve; 
ō 	&omacr; 
Ō 	&Omacr; 
 	&oslashmacr; 
 	&Oslashmacr; 
 	&omacrbreve; 
 	&Omacrbreve; 
 	&oslashmacrbreve; 
 	&Oslashmacrbreve; 
ṓ 	&omacracute; 
Ṓ 	&Omacracute; 
 	&oslashmacracute; 
 	&Oslashmacracute; 
ȫ 	&oumlmacr; 
Ȫ 	&Oumlmacr; 
 	&oclig; 
oe 	&oelig; 
OE 	&OElig; 
ɶ 	&oeligscap; 
 	&oeligenl; 
Ꝍ 	&Oloop; 
ꝍ 	&oloop; 
 	&oeligacute; 
 	&OEligacute; 
 	&oeligdblac; 
 	&OEligdblac; 
 	&oeligmacr; 
 	&OEligmacr; 
 	&oeligmacrbreve; 
 	&OEligmacrbreve; 
ꝏ 	&oolig; 
Ꝏ 	&OOlig; 
 	&ooliguml; 
 	&OOliguml; 
 	&ooligacute; 
 	&OOligacute; 
 	&ooligdblac; 
 	&OOligdblac; 
 	&ooligdotbl; 
 	&OOligdotbl; 
 	&oasup; 
 	&oesup; 
 	&Oesup; 
 	&oisup; 
 	&oosup; 
 	&ousup; 
 	&Ousup; 
 	&ovsup; 
ɔ 	&oopen; 
 	&oopenmacr; 
p 	— 
P 	— 
 	&penl; 
ᴘ 	&pscap; 
ꝑ 	&pbardes; 
Ꝑ 	&Pbardes; 
ꝓ 	&pflour; 
Ꝓ 	&Pflour; 
ꝕ 	&psquirrel; 
Ꝕ 	&Psquirrel; 
 	&pdotbl; 
 	&Pdotbl; 
ṗ 	&pdot; 
Ṗ 	&Pdot; 
 	&pscapdot; 
ṕ 	&pacute; 
Ṕ 	&Pacute; 
 	&pmacr; 
 	&pplig; 
 	&PPlig; 
 	&ppflourlig; 
 	&ppliguml; 
 	&PPliguml; 
ꟼ 	&Prev; 
q 	— 
Q 	— 
 	&qenl; 
 	&qscap; 
ꝙ 	&qslstrok; 
Ꝙ 	&Qslstrok; 
ꝗ 	&qbardes; 
Ꝗ 	&Qbardes; 
 	&qbardestilde; 
 	&q2app; 
 	&q3app; 
 	&qcentrslstrok; 
 	&qdotbl; 
 	&Qdotbl; 
 	&qdot; 
 	&Qdot; 
 	&qmacr; 
 	&qvinslig; 
 	&Qstem; 
r 	— 
R 	— 
 	&renl; 
ʀ 	&rscap; 
Ʀ 	&YR; 
ɼ 	&rdes; 
 	&rdesstrok; 
ꝵ 	&rtailstrok; 
ꝶ 	&rscaptailstrok; 
℞ 	&Rtailstrok; 
℟ 	&Rslstrok; 
ṛ 	&rdotbl; 
Ṛ 	&Rdotbl; 
ṙ 	&rdot; 
Ṙ 	&Rdot; 
 	&rscapdot; 
ŕ 	&racute; 
Ŕ 	&Racute; 
 	&rringbl; 
 	&rscapdotbl; 
 	&resup; 
ꝛ 	&rrot; 
Ꝛ 	&Rrot; 
 	&rrotdotbl; 
 	&rrotacute; 
ꞃ 	&rins; 
Ꞃ 	&Rins; 
 	&rflour; 
s 	— 
S 	— 
 	&senl; 
ꜱ 	&sscap; 
ṡ 	&sdot; 
Ṡ 	&Sdot; 
 	&sscapdot; 
ś 	&sacute; 
Ś 	&Sacute; 
ṣ 	&sdotbl; 
Ṣ 	&Sdotbl; 
 	&sscapdotbl; 
ß 	&szlig; 
ẞ 	&SZlig; 
 	&slongaumllig; 
 	&slongchlig; 
 	&slonghlig; 
 	&slongilig; 
 	&slongjlig; 
 	&slongklig; 
 	&slongllig; 
 	&slongoumllig; 
 	&slongplig; 
 	&slongslig; 
 	&slongslonglig; 
 	&slongslongilig; 
 	&slongslongklig; 
 	&slongslongllig; 
 	&slongslongtlig; 
st 	&stlig; 
ﬅ 	&slongtlig; 
 	&slongtilig; 
 	&slongtrlig; 
 	&slonguumllig; 
 	&slongvinslig; 
 	&slongdestlig; 
ſ 	&slong; 
 	&slongenl; 
ẜ 	&slongbarslash; 
ẝ	&slongbar; 
	&slongovlmed; 
 	&slongslstrok; 
 	&slongflour; 
 	&slongacute; 
 	&slongdes; 
 	&slongdotbl; 
 	&Sclose; 
 	&sclose; 
ꞅ 	&sins; 
Ꞅ 	&Sins; 
t 	— 
T 	— 
 	&tenl; 
ᴛ 	&tscap; 
ꝷ 	&ttailstrok; 
 	&togon; 
 	&Togon; 
ṭ 	&tdotbl; 
Ṭ 	&Tdotbl; 
ṫ 	&tdot; 
Ṫ 	&Tdot; 
 	&tscapdot; 
 	&tscapdotbl; 
 	&tacute; 
 	&Tacute; 
 	&trlig; 
 	&ttlig; 
 	&trottrotlig; 
 	&tylig; 
 	&tzlig; 
ꞇ 	&trot; 
Ꞇ 	&Trot; 
 	&tcurl; 
u 	— 
U 	— 
 	&uenl; 
ᴜ 	&uscap; 
ʉ 	&ubar; 
ų 	&uogon; 
Ų 	&Uogon; 
 	&ucurl; 
 	&Ucurl; 
ụ 	&udotbl; 
Ụ 	&Udotbl; 
 	&ubrevinvbl; 
 	&udot; 
 	&Udot; 
ü 	&uuml; 
Ü 	&Uuml; 
ú 	&uacute; 
Ú 	&Uacute; 
ű 	&udblac; 
Ű 	&Udblac; 
 	&udotacute; 
 	&Udotacute; 
ù 	&ugrave; 
Ù 	&Ugrave; 
 	&uvertline; 
 	&Uvertline; 
û 	&ucirc; 
Û 	&Ucirc; 
 	&uumlcirc; 
 	&Uumlcirc; 
ǔ 	&ucar; 
Ǔ 	&Ucar; 
ů 	&uring; 
Ů 	&Uring; 
ủ 	&uhook; 
Ủ 	&Uhook; 
 	&ucurlbar; 
ŭ 	&ubreve; 
Ŭ 	&Ubreve; 
ū 	&umacr; 
Ū 	&Umacr; 
 	&umacrbreve; 
 	&Umacrbreve; 
 	&umacracute; 
 	&Umacracute; 
ǖ 	&uumlmacr; 
Ǖ 	&Uumlmacr; 
 	&uasup; 
 	&uesup; 
 	&Uesup; 
 	&uisup; 
 	&uosup; 
 	&Uosup; 
 	&uvsup; 
 	&uwsup; 
v 	— 
V 	— 
 	&venl; 
ᴠ 	&vscap; 
 	&vbar; 
 	&vslash; 
ꝟ 	&vdiagstrok; 
Ꝟ 	&Vdiagstrok; 
℣	&Vslstrok;
ṿ 	&vdotbl; 
Ṿ 	&Vdotbl; 
 	&vdot; 
 	&Vdot; 
 	&vuml; 
 	&Vuml; 
 	&vacute; 
 	&Vacute; 
 	&vdblac; 
 	&Vdblac; 
 	&vcirc; 
 	&Vcirc; 
 	&vring; 
 	&vmacr; 
 	&Vmacr; 
 	&Vovlhigh; 
ƿ 	&wynn; 
Ƿ 	&WYNN; 
ꝩ 	&vins; 
Ꝩ 	&Vins; 
 	&vinsdotbl; 
 	&Vinsdotbl; 
 	&vinsdot; 
 	&Vinsdot; 
 	&vinsacute; 
 	&Vinsacute; 
ỽ 	&vwelsh; 
Ỽ 	&Vwelsh; 
w 	— 
W 	— 
 	&wenl; 
ᴡ 	&wscap; 
ẉ 	&wdotbl; 
Ẉ 	&Wdotbl; 
ẇ 	&wdot; 
Ẇ 	&Wdot; 
ẅ 	&wuml; 
Ẅ 	&Wuml; 
ẃ 	&wacute; 
Ẃ 	&Wacute; 
 	&wdblac; 
 	&Wdblac; 
ẁ 	&wgrave; 
Ẁ 	&Wgrave; 
ŵ 	&wcirc; 
Ŵ 	&Wcirc; 
ẘ 	&wring; 
 	&wmacr; 
 	&Wmacr; 
 	&wasup; 
 	&wesup; 
 	&Wesup; 
 	&wisup; 
 	&wosup; 
 	&wusup; 
 	&wvsup; 
x 	— 
X 	— 
 	&xenl; 
 	&xscap; 
ˣ 	&xmod; 
 	&xslashula; 
 	&xslashlra; 
 	&Xovlhigh; 
	&xldes;
y 	— 
Y 	— 
 	&yenl; 
ʏ 	&yscap; 
 	&ybar; 
 	&ycurl; 
 	&Ycurl; 
ỵ 	&ydotbl; 
Ỵ 	&Ydotbl; 
ẏ 	&ydot; 
Ẏ 	&Ydot; 
ÿ 	&yuml; 
Ÿ 	&Yuml; 
ý 	&yacute; 
Ý 	&Yacute; 
 	&ydblac; 
 	&Ydblac; 
 	&ydotacute; 
 	&Ydotacute; 
ỳ 	&ygrave; 
Ỳ 	&Ygrave; 
ŷ 	&ycirc; 
Ŷ 	&Ycirc; 
ẙ 	&yring; 
ỷ 	&yhook; 
Ỷ 	&Yhook; 
 	&ybreve; 
 	&Ybreve; 
ȳ 	&ymacr; 
Ȳ 	&Ymacr; 
 	&ymacrbreve; 
 	&Ymacrbreve; 
 	&ymacracute; 
 	&Ymacracute; 
ꝡ 	&yylig; 
Ꝡ 	&YYlig; 
 	&yyliguml; 
 	&YYliguml; 
 	&yyligdblac; 
 	&YYligdblac; 
 	&yesup; 
 	&yrgmainstrok; 
ỿ 	&yloop; 
Ỿ 	&Yloop; 
z 	— 
Z 	— 
 	&zenl; 
ᴢ 	&zscap; 
ƶ 	&zstrok; 
Ƶ 	&Zstrok; 
ẓ 	&zdotbl; 
Ẓ 	&Zdotbl; 
ż 	&zdot; 
Ż 	&Zdot; 
ꝣ 	&zvisigot; 
Ꝣ 	&Zvisigot; 
ʒ 	&ezh; 
Ʒ 	&EZH; 
ȝ 	&yogh; 
Ȝ 	&YOGH; 
þ 	&thorn; 
Þ 	&THORN; 
 	&thornenl; 
 	&thornscap; 
ꝥ 	&thornbar; 
Ꝥ 	&THORNbar; 
 	&thornovlmed; 
 	&thornbarslash; 
 	&THORNbarslash; 
ꝧ 	&thornbardes; 
Ꝧ 	&THORNbardes; 
 	&thorndotbl; 
 	&THORNdotbl; 
 	&thornacute; 
 	&thornslonglig; 
 	&thornslongligbar; 
 	&thornrarmlig; 
0	— 
1	— 
2	— 
3	— 
4	— 
5	— 
6	— 
7	— 
8	— 
9	— 
¼ 	&frac14; 
½ 	&frac12; 
¾ 	&frac34; 
⁰ 	&sup0; 
¹ 	&sup1; 
² 	&sup2; 
³ 	&sup3; 
⁴ 	&sup4; 
⁵ 	&sup5; 
⁶ 	&sup6; 
⁷ 	&sup7; 
⁸ 	&sup8; 
⁹ 	&sup9; 
₀ 	&sub0; 
₁ 	&sub1; 
₂ 	&sub2; 
₃ 	&sub3; 
₄ 	&sub4; 
₅ 	&sub5; 
₆ 	&sub6; 
₇ 	&sub7; 
₈ 	&sub8; 
₉ 	&sub9; 
ↀ 	&romnumCDlig; 
ↁ 	&romnumDDlig; 
ↂ 	&romnumDDdbllig; 
Ↄ 	&romnumCrev; 
 	&romnumCrevovl; 
ᴵ 	&Imod; 
 	&Vmod; 
 	&Xmod; 
◌ͣ 	&asup; 
◌ᷔ 	&aeligsup; 
◌ 	&anligsup; 
◌ 	&anscapligsup; 
◌ᷕ 	&aoligsup; 
◌ 	&arligsup; 
◌ 	&arscapligsup; 
◌ᷖ 	&avligsup; 
◌ 	&bsup; 
◌ 	&bscapsup; 
◌ͨ 	&csup; 
◌ᷗ 	&ccedilsup; 
◌ͩ 	&dsup; 
◌ᷘ 	&drotsup; 
◌ᷙ 	&ethsup; 
◌ 	&dscapsup; 
◌ͤ 	&esup; 
◌ 	&eogonsup; 
◌ 	&emacrsup; 
◌ 	&fsup; 
◌ᷚ 	&gsup; 
◌ᷛ 	&gscapsup; 
◌ͪ 	&hsup; 
◌ͥ 	&isup; 
◌ 	&inodotsup; 
◌ 	&jsup; 
◌ 	&jnodotsup; 
◌ᷜ 	&ksup; 
◌ 	&kscapsup; 
◌ᷝ 	&lsup; 
◌ᷞ 	&lscapsup; 
◌ͫ 	&msup; 
◌ᷟ 	&mscapsup; 
◌ᷠ 	&nsup; 
◌ᷡ 	&nscapsup; 
◌ͦ 	&osup; 
◌ 	&omacrsup; 
◌ 	&oslashsup; 
◌ 	&oogonsup; 
◌ 	&orrotsup; 
◌ 	&orumsup; 
◌ 	&psup; 
◌ 	&qsup; 
◌ͬ 	&rsup; 
◌ᷣ 	&rrotsup; 
◌ 	&rumsup; 
◌ᷢ 	&rscapsup; 
◌ᷤ 	&ssup; 
◌ᷥ 	&slongsup; 
◌ͭ 	&tsup; 
◌ 	&trotsup; 
◌ 	&tscapsup; 
◌ͧ 	&usup; 
◌ͮ 	&vsup; 
◌ 	&wsup; 
◌ͯ 	&xsup; 
◌ 	&ysup; 
◌ᷦ 	&zsup; 
◌ 	&thornsup; 
◌̀ 	&combgrave; 
◌́ 	&combacute; 
◌̂ 	&combcirc; 
◌᷍◌ 	&combcircdbl; 
◌̃ 	&combtilde; 
◌̄ 	&combmacr; 
◌̆ 	&combbreve; 
◌̇ 	&combdot; 
◌̈ 	&combuml; 
◌̉ 	&combhook; 
◌̊ 	&combring; 
◌̋ 	&combdblac; 
◌̍ 	&combsgvertl; 
◌̎ 	&combdbvertl; 
◌̣ 	&combdotbl; 
◌̧ 	&combced; 
◌̳ 	&dblbarbl; 
◌̿ 	&dblovl; 
◌̨ 	&combogon; 
◌͙ 	&combastbl; 
◌͜◌ 	&combdblbrevebl; 
◌◌◌ 	&combtripbrevebl; 
◌᷎ 	&combcurl; 
◌  	&combcurlhigh; 
◌ 	&combdothigh; 
◌ 	&combcurlbar; 
◌̅ 	&bar; 
◌  	&macrhigh; 
◌ 	&macrmed; 
◌  	&ovlhigh; 
◌ 	&ovlmed; 
◌̲ 	&barbl; 
◌̶ 	&baracr; 
◌ 	&arbar; 
◌̕ 	&combcomma; 
◌̾ 	&combtildevert; 
◌͛ 	&er; 
◌ 	&erang; 
◌ 	&ercurl; 
◌᷏ 	&ersub; 
◌ᷓ 	&ra; 
◌ 	&rabar; 
◌ 	&urrot; 
◌ 	&urlemn; 
◌᷑ 	&ur; 
◌᷒ 	&us; 
◌᷐ 	&combisbelow; 
. 	&period; 
; 	&semi; 
& 	&amp; 
ß 	&szlig; 
Θ 	&Theta; 
θ 	&theta; 
ꝋ 	&obiit; 
Ꝋ 	&OBIIT; 
⁊ 	&et; 
 	&etslash; 
 	&ET; 
 	&ETslash; 
ʼ 	&apomod; 
≈ 	&esse; 
∻ 	&est; 
ꝯ 	&condes; 
Ꝯ 	&CONdes; 
ꜿ 	&condot; 
Ꜿ 	&CONdot; 
 	&usbase; 
 	&USbase; 
ꝰ 	&usmod; 
ꝝ 	&rum; 
Ꝝ 	&RUM; 
 	&de; 
ꝭ 	&is; 
Ꝭ 	&IS; 
ꝸ 	&sstrok; 
ꝫ 	&etfin; 
Ꝫ 	&ETfin; 
 	&sem; 
ᚠ 	&fMedrun; 
ᛘ 	&mMedrun; 
℔ 	&lbbar; 
^ 	&circ; 
´ 	&acute; 
` 	&grave; 
¨ 	&uml; 
~ 	&tld; 
¯ 	&macr; 
˘ 	&breve; 
˙ 	&dot; 
˚ 	&ring; 
¸ 	&cedil; 
˛ 	&ogon; 
˜ 	&tilde; 
˝ 	&dblac; 
ˈ 	&verbarup; 
. 	&period; 
· 	&middot; 
‧ 	&hyphpoint; 
․ 	&sgldr; 
‥ 	&dblldr; 
… 	&hellip; 
: 	&colon; 
, 	&comma; 
; 	&semi; 
჻ 	&tridotright;
∴ 	&tridotupw; 
∵ 	&tridotdw; 
∷ 	&quaddot; 
⁘ 	&lozengedot; 
 	&midring; 
| 	&verbar; 
¦ 	&brvbar; 
‖ 	&Verbar; 
/ 	&sol; 
⁄ 	&fracsol; 
⫽ 	&dblsol; 
\ 	&bsol; 
⸌ 	&luslst; 
⸍ 	&ruslst; 
⸜ 	&rlslst; 
⸝ 	&llslst; 
_ 	&lowbar; 
- 	&hyphen; 
‐ 	&dash; 
‑	&nbhy; 
⸗ 	&dbloblhyph; 
‒ 	&numdash; 
– 	&ndash; 
— 	&mdash; 
― 	&horbar; 
! 	&excl; 
¡ 	&iexcl; 
? 	&quest; 
¿ 	&iquest; 
 	&ramus; 
( 	&lpar; 
) 	&rpar; 
⸦ 	&lUbrack; 
⸧ 	&rUbrack; 
⸨ 	&ldblpar; 
⸩ 	&rdblpar; 
[ 	&lsqb; 
] 	&rsqb; 
{ 	&lcub; 
} 	&rcub; 
⁅ 	&lsqbqu; 
⁆ 	&rsqbqu; 
⟦ 	&lwhsqb; 
⟧ 	&rwhsqb; 
⸡ 	&verbarql; 
⸠ 	&verbarqr; 
⸢ 	&luhsqb; 
⸣ 	&ruhsqb; 
⸤ 	&llhsqb; 
⸥ 	&rlhsqb; 
' 	&apos; 
′ 	&prime; 
" 	&quot; 
″ 	&Prime; 
‘ 	&lsquo; 
’ 	&rsquo; 
‚ 	&lsquolow; 
‛ 	&rsquorev; 
“ 	&ldquo; 
” 	&rdquo; 
„ 	&ldquolow; 
‟ 	&rdquorev; 
‹ 	&lsaquo; 
« 	&laquo; 
< 	&lt; 
⟨ 	&langb; 
› 	&rsaquo; 
> 	&gt; 
» 	&raquo; 
⟩ 	&rangb; 
 	&hidot; 
 	&posit; 
 	&ductsimpl; 
 	&punctvers; 
 	&punctposit; 
 	&colmidcomposit; 
 	&bidotscomposit; 
 	&tridotscomposit; 
 	&punctelev; 
 	&punctelevdiag; 
 	&punctelevhiback; 
 	&punctelevhack; 
 	&punctflex; 
 	&punctexclam; 
 	&punctinter; 
 	&punctintertilde; 
 	&punctinterlemn; 
⸮ 	&punctpercont; 
 	&wavylin; 
 	&medcom; 
 	&parag; 
 	&renvoi; 
⸪ 	&tridotsdownw; 
⸫ 	&tridotsupw; 
⸬ 	&quaddots; 
⸭ 	&fivedots; 
 	&virgsusp; 
 	&virgmin; 
⋗ 	&dipledot; 
	&sp; 
	&nbsp; 
	&nnbsp; 
	&enqd; 
	&emqd; 
	&ensp; 
	&emsp; 
	&emsp13; 
	&emsp14; 
	&emsp16; 
	&numsp; 
	&puncsp; 
	&thinsp; 
	&hairsp; 
	&zerosp; 
	&del; 
	&shy; 
& 	&amp; 
# 	&num; 
§ 	&sect; 
* 	&ast; 
⁂ 	&triast; 
@ 	&commat; 
© 	&copy; 
® 	&reg; 
¬ 	&not; 
∧ 	&logand; 
¶ 	&para; 
⁋ 	&revpara; 
✝ 	&cross; 
† 	&dagger; 
‡ 	&Dagger; 
※ 	&refmark; 
⁜ 	&dotcross; 
❦ 	&hedera; 
❧ 	&hederarot; 
$ 	&dollar; 
¢ 	&cent; 
£ 	&pound; 
¤ 	&curren; 
¥ 	&yen; 
₰ 	&pennygerm; 
℈ 	&scruple; 
 	&romaslibr; 
 	&romXbar; 
 	&romscapxbar; 
 	&romscapybar; 
 	&romscapdslash; 
 	&drotbar; 
 	&ecu; 
 	&florloop; 
 	&grosch; 
 	&libradut; 
 	&librafren; 
 	&libraital; 
 	&libraflem; 
 	&liranuov; 
 	&lirasterl; 
 	&markold; 
 	&markflour; 
 	&msign; 
 	&msignflour; 
 	&penningar; 
 	&reichtalold; 
 	&schillgerm; 
 	&schillgermscript; 
 	&scudi; 
℥ 	&ounce; 
 	&sestert; 
 	&romas; 
 	&romunc; 
 	&romsemunc; 
 	&romsext; 
	&romdimsext;
 	&romsiliq; 
 	&romquin; 
 	&romdupond; 
+ 	&plus; 
− 	&minus; 
± 	&plusmn; 
× 	&times; 
÷ 	&divide; 
= 	&equals; 
∞ 	&infin; 
≠ 	&notequals; 
% 	&percnt; 
‰ 	&permil; 
° 	&deg; 
	&smallzero; 
μ 	&micro; 
 	&dram; 
 	&obol; 
 	&sextans; 
 	&ouncescript; 
← 	&arrsgllw; 
↑ 	&arrsglupw; 
→ 	&arrsglrw; 
↓ 	&arrsgldw; 
▪ 	&squareblsm; 
▫ 	&squarewhsm; 
• 	&bull; 
◌ 	&circledot; 
‣ 	&tribull; 
▹ 	&trirightwh; 
◃ 	&trileftwh; 
× 	&times; 
‒ 	&numdash; 
⏑ 	&metrshort; 
⏒ 	&metrshortlong; 
⏓ 	&metrlongshort; 
⏔ 	&metrdblshortlong; 
 	&metranc; 
 	&metrancACUTE; 
 	&metrancdblac; 
 	&metrancgrave; 
 	&metrancdblgrave; 
 	&metrbreve; 
 	&metrbreveacute; 
 	&metrbrevedblac; 
 	&metrbrevegrave; 
 	&metrbrevedblgrave; 
 	&metrmacr; 
 	&metrmacracute; 
 	&metrmacrdblac; 
 	&metrmacrgrave; 
 	&metrmacrdblgrave; 
 	&metrmacrbreve; 
 	&metrbrevemacr; 
 	&metrmacrbreveacute; 
 	&metrmacrbrevegrave; 
 	&metrdblbrevemacr; 
 	&metrdblbrevemacracute; 
 	&metrdblbrevemacrdblac; 
 	&metrpause; 
